FOLIO,VIV_SEL,HOGAR,N_REN,P3_1_1,P3_1_2,P3_2,P3_3,P3_4,P3_5
3194,1,1,2,8,4,5,2,2,1
3195,2,1,1,8,4,6,2,2,1
3196,3,1,2,3,3,6,2,2,1
3197,4,1,5,8,5,6,2,2,1
3198,5,1,3,0,0,4,2,1,6
3199,1,1,1,3,3,6,2,2,1
3200,2,1,3,6,2,6,2,2,1
3201,3,1,2,8,4,1,2,2,1
3202,4,1,2,8,5,1,2,2,1
3203,5,1,2,8,4,1,2,2,1
3204,1,1,3,6,3,6,2,2,1
3205,2,1,1,8,4,5,2,2,1
3206,3,1,1,8,4,5,2,2,1
3207,4,1,1,6,3,6,2,2,1
3208,5,1,2,7,3,5,2,1,1
3209,1,1,1,3,3,4,2,1,6
3210,3,1,4,8,3,6,2,2,4
3211,4,1,1,8,5,5,2,1,1
3212,5,1,1,8,4,5,2,2,1
3213,1,1,2,8,4,1,2,1,1
3214,2,1,3,8,3,6,2,2,1
3215,3,1,2,3,3,6,2,2,1
3216,4,1,1,2,6,5,2,2,8
3217,5,1,1,3,3,2,2,1,8
3218,1,1,1,6,3,5,2,2,1
3219,2,1,1,9,2,2,2,2,1
3220,3,1,1,9,2,5,2,2,8
3221,4,1,1,2,6,5,2,1,5
3222,1,1,1,6,3,5,2,2,1
3223,2,1,2,3,3,5,2,1,8
3224,3,1,2,4,3,5,2,2,5
3225,4,1,1,0,0,6,2,1,1
3226,5,1,3,8,3,6,2,2,1
3227,1,1,1,2,6,6,2,2,6
3228,2,1,4,8,5,6,2,2,1
3229,3,1,3,3,2,1,2,2,1
3230,4,1,1,6,3,3,2,2,1
3231,5,1,2,6,3,1,2,1,5
3232,1,1,1,8,4,5,2,2,1
3233,3,1,2,8,4,6,2,2,1
3234,4,1,1,6,2,5,2,2,1
3235,5,1,1,2,6,4,2,1,1
3236,1,1,2,2,6,4,2,1,8
3237,2,1,1,4,2,5,2,2,5
3238,3,1,2,6,3,1,2,2,1
3239,4,1,2,3,3,5,2,2,1
3240,5,1,2,6,3,1,2,2,1
3241,1,1,2,8,4,5,2,2,6
3242,2,1,1,9,2,6,2,2,1
3243,3,1,2,8,4,5,2,2,1
3244,4,1,2,8,5,5,2,2,1
3245,5,1,2,6,2,6,2,2,1
3246,1,1,1,3,3,6,2,2,3
3247,2,1,3,8,2,6,2,2,4
3248,3,1,1,6,2,4,2,2,1
3249,4,1,1,7,3,6,2,2,1
3250,5,1,2,8,4,5,2,2,1
3251,1,1,1,8,5,6,2,2,1
3252,2,1,1,8,4,6,2,2,1
3253,3,1,3,2,6,6,2,1,6
3254,4,1,1,2,6,5,2,2,8
3255,5,1,1,8,4,5,2,2,1
3256,1,1,2,6,3,6,2,2,1
3257,2,1,1,7,3,5,2,2,1
3258,3,1,2,6,3,5,2,2,5
3259,4,1,3,8,4,6,2,2,1
3260,5,1,1,6,3,5,2,2,1
3261,1,1,1,8,4,5,2,2,1
3262,2,1,1,7,3,6,2,2,1
3263,3,1,3,6,2,6,2,2,1
3264,4,1,2,6,3,6,2,2,1
3265,5,1,1,6,3,5,2,2,1
3266,1,1,1,6,3,4,2,2,6
3267,2,1,2,8,2,6,2,2,1
3268,3,1,2,7,3,5,2,2,5
3269,4,1,1,8,5,5,2,2,1
3270,5,1,2,8,4,6,2,2,1
3271,1,1,1,3,3,4,2,1,5
3272,2,1,1,8,4,4,2,1,6
3273,3,1,1,8,2,5,2,2,1
3274,4,1,3,8,5,6,2,2,8
3275,5,1,2,6,3,5,2,2,5
3276,1,1,2,3,3,5,2,2,5
3277,2,1,3,8,2,6,2,2,4
3278,3,1,2,6,3,1,2,2,1
3279,5,1,1,3,3,1,2,1,1
3280,1,1,1,3,2,2,1,2,1
3281,2,1,3,6,3,6,2,2,4
3282,4,1,3,6,2,6,2,1,4
3283,5,1,1,2,6,2,2,2,1
3284,1,1,2,8,2,5,2,2,1
3285,2,1,4,2,6,6,2,2,1
3286,3,1,2,2,6,6,2,2,8
3287,4,1,1,8,5,2,2,2,1
3288,5,1,1,3,3,6,2,2,5
3289,1,1,1,2,1,6,2,1,5
3290,2,1,2,6,1,1,2,1,1
3291,3,1,1,3,3,6,1,2,1
3292,4,1,2,2,1,1,2,2,1
3293,5,1,6,6,3,1,2,2,5
3294,1,1,3,6,3,6,2,1,1
3295,2,1,1,2,6,5,2,2,1
3296,3,1,2,4,3,6,2,2,1
3297,4,1,2,6,3,5,2,2,5
3298,5,1,2,8,4,1,2,1,1
3299,1,1,2,2,3,2,2,1,1
3300,2,1,1,2,6,6,2,2,1
3301,4,1,1,6,3,6,2,2,1
3302,5,1,1,2,6,3,2,1,5
3303,1,1,2,8,4,2,2,2,1
3304,2,1,2,8,2,1,2,2,1
3305,3,1,1,6,1,2,2,2,5
3306,4,1,2,8,3,5,2,2,1
3307,5,1,1,2,2,4,2,1,8
3308,1,1,1,6,3,3,2,2,1
3309,2,1,2,8,4,6,2,2,1
3310,4,1,3,9,2,5,2,2,3
3311,1,1,2,3,3,1,2,1,5
3312,2,1,1,3,3,1,2,2,6
3313,3,1,2,6,3,6,2,2,1
3314,4,1,1,2,6,4,2,1,6
3315,5,1,2,6,3,5,2,1,5
3316,1,1,1,6,3,5,2,2,6
3317,2,1,1,8,4,6,2,2,1
3318,4,1,3,8,4,6,2,2,1
3319,5,1,3,8,3,6,2,2,4
3320,1,1,1,6,3,1,2,1,1
3321,2,1,1,2,3,5,2,2,1
3322,3,1,1,4,3,2,2,2,1
3323,4,1,2,8,4,1,2,2,1
3324,5,1,1,6,2,1,2,2,1
3325,1,1,1,8,5,5,2,1,1
3326,2,1,2,8,4,5,2,2,1
3327,4,1,1,8,4,4,2,1,6
3328,1,1,3,8,3,6,2,2,4
3329,2,1,6,6,3,6,2,2,1
3330,3,1,1,8,3,2,2,1,6
3331,4,1,1,4,3,4,2,1,5
3332,1,1,4,6,3,5,2,2,1
3333,2,1,1,4,2,4,2,1,8
3334,3,1,2,3,3,5,2,2,6
3335,4,1,1,8,4,3,2,2,1
3336,5,1,1,2,6,5,2,1,6
3337,1,1,1,6,3,5,2,2,1
3338,2,1,1,6,3,5,2,2,6
3339,3,1,1,8,4,5,2,2,1
3340,4,1,1,3,2,5,2,1,1
3341,5,1,1,6,3,3,2,2,1
3342,1,1,3,8,3,4,2,2,8
3343,3,1,1,2,6,5,2,2,1
3344,5,1,3,7,3,5,2,2,1
3345,1,1,1,8,4,1,2,2,1
3346,2,1,1,4,3,5,2,2,8
3347,3,1,2,8,5,5,2,2,5
3348,5,1,3,8,4,6,2,2,1
3349,1,1,2,3,3,6,2,2,1
3350,2,1,1,2,6,5,2,2,1
3351,3,1,2,3,3,5,1,2,5
3352,4,1,1,3,3,6,2,2,6
3353,5,1,1,3,3,4,2,2,1
3354,1,1,1,8,5,6,2,2,1
3355,2,1,1,8,4,5,2,2,1
3356,3,1,1,6,3,6,2,2,1
3357,4,1,2,3,3,5,2,2,1
3358,5,1,1,2,1,2,2,1,8
3359,2,1,4,8,5,6,2,2,1
3360,3,1,4,2,6,6,2,2,1
3361,5,1,1,8,5,5,2,2,1
3362,1,1,1,8,5,1,2,2,1
3363,3,1,3,8,3,6,2,2,1
3364,4,1,1,8,4,6,2,2,1
3365,5,1,1,8,4,6,2,2,1
3366,1,1,3,9,3,6,2,2,1
3366,1,2,1,8,3,6,1,1,1
3367,2,1,2,6,3,4,2,2,1
3368,3,1,2,8,4,5,2,2,1
3369,4,1,2,6,3,5,2,2,1
3370,5,1,1,3,3,1,2,2,1
3371,5,1,3,8,1,6,2,2,1
3372,1,1,2,8,4,5,2,2,1
3373,2,1,2,6,3,6,2,1,8
3374,4,1,1,6,3,5,2,2,1
3375,5,1,2,6,3,6,2,2,1
3376,1,1,4,8,3,6,2,2,1
3377,2,1,2,8,4,6,2,2,1
3378,3,1,1,8,4,4,2,2,1
3379,4,1,3,6,2,1,2,1,1
3380,5,1,2,8,4,5,2,2,1
3381,1,1,6,6,2,6,2,1,8
3382,2,1,2,6,3,2,2,2,1
3383,3,1,1,8,4,5,2,2,1
3384,4,1,2,8,2,5,2,2,1
3385,5,1,1,3,1,1,2,2,1
3386,1,1,2,3,2,2,2,2,1
3387,2,1,8,0,0,5,2,1,8
3388,3,1,2,2,6,5,2,2,8
3389,4,1,1,3,3,6,2,2,1
3390,5,1,1,3,3,5,2,2,1
3391,1,1,1,6,3,6,2,2,1
3392,2,1,1,4,3,4,2,1,6
3393,3,1,1,2,6,6,2,1,1
3394,4,1,1,4,3,1,2,2,1
3395,5,1,3,6,3,6,2,2,8
3396,1,1,1,8,4,1,2,2,1
3397,2,1,3,8,4,6,2,2,1
3398,3,1,2,3,3,6,2,2,8
3399,5,1,1,3,3,5,2,2,1
3400,1,1,5,3,3,5,2,2,1
3401,2,1,1,2,6,4,2,2,1
3402,3,1,1,8,3,6,2,2,8
3403,4,1,1,0,0,4,2,1,8
3404,5,1,1,0,0,4,2,1,8
3405,1,1,1,3,3,6,2,2,1
3406,2,1,1,3,3,6,2,2,1
3407,3,1,2,8,4,5,2,2,8
3408,4,1,2,8,3,5,2,2,1
3409,5,1,1,8,2,5,2,2,1
3410,1,1,2,6,2,2,2,2,1
3411,2,1,2,6,3,6,2,2,1
3412,3,1,4,8,4,6,2,2,8
3413,4,1,3,8,4,6,2,2,8
3414,5,1,2,2,6,6,2,2,8
3415,2,1,2,3,3,1,2,2,5
3416,3,1,1,8,5,2,2,2,1
3417,5,1,2,0,0,6,2,2,8
3418,1,1,4,6,3,6,2,2,8
3419,4,1,1,3,2,2,2,2,1
3420,5,1,1,8,4,5,2,2,1
3421,1,1,2,8,4,6,2,2,1
3422,2,1,5,6,3,6,2,2,1
3423,3,1,1,7,3,4,2,1,6
3424,4,1,1,8,4,5,2,2,1
3425,1,1,4,6,2,2,2,2,8
3426,2,1,2,8,3,5,2,2,1
3427,3,1,2,7,3,5,2,2,8
3428,4,1,1,5,3,5,2,1,6
3429,5,1,1,8,4,5,2,2,1
3430,1,1,1,6,3,6,2,2,1
3431,2,1,3,6,3,5,2,2,5
3432,3,1,1,6,3,5,2,2,1
3433,4,1,2,6,3,5,2,2,1
3434,5,1,2,8,3,5,2,2,1
3435,1,1,1,8,3,4,2,2,1
3436,2,1,1,7,3,5,2,1,8
3437,3,1,1,8,4,5,2,2,8
3438,4,1,4,6,3,5,2,2,1
3439,5,1,2,8,4,5,2,1,1
3440,1,1,1,3,3,4,2,1,6
3441,2,1,1,2,3,2,2,2,1
3442,3,1,1,2,6,1,2,2,1
3443,4,1,3,6,2,4,2,2,1
3444,5,1,2,3,3,5,2,2,1
3445,1,1,1,2,3,6,2,2,1
3446,2,1,2,3,3,5,2,1,5
3447,3,1,3,8,4,6,2,2,1
3448,4,1,3,4,3,6,2,2,1
3449,5,1,3,6,1,6,2,2,1
3450,1,1,1,0,0,4,2,1,8
3451,2,1,1,6,3,5,2,2,8
3452,3,1,5,6,2,6,2,1,8
3453,4,1,1,2,3,6,2,2,8
3454,5,1,1,3,2,6,2,2,1
3455,1,1,4,6,3,6,2,2,1
3456,2,1,1,3,3,2,2,2,1
3457,3,1,2,6,3,6,2,2,1
3458,4,1,2,6,3,1,2,2,1
3459,5,1,1,6,2,5,2,2,8
3460,2,1,2,8,5,6,2,2,4
3461,3,1,1,2,6,6,2,2,8
3462,4,1,2,6,3,5,2,1,1
3463,5,1,1,3,3,2,2,2,1
3464,1,1,1,6,3,4,2,1,6
3465,2,1,1,8,5,2,2,2,1
3466,4,1,1,6,3,5,2,1,6
3467,5,1,1,6,3,6,2,2,1
3468,1,1,3,8,4,5,2,2,1
3469,2,1,2,2,6,5,2,1,5
3470,3,1,2,8,5,5,2,1,6
3471,4,1,2,8,5,6,2,2,1
3472,1,1,1,6,3,3,2,2,1
3473,2,1,1,6,3,5,2,2,1
3474,3,1,2,8,5,5,2,2,1
3475,4,1,1,8,5,5,2,2,1
3476,5,1,2,3,3,6,2,2,1
3477,1,1,1,8,3,6,2,1,6
3477,1,2,1,6,3,1,2,2,1
3478,2,1,1,8,5,5,2,2,1
3479,3,1,3,6,3,6,2,2,1
3480,4,1,2,6,3,6,2,2,1
3481,5,1,1,3,3,4,2,2,6
3482,1,1,4,7,3,6,2,2,1
3483,2,1,2,6,3,5,2,2,5
3484,3,1,4,6,2,2,2,2,1
3485,4,1,1,6,3,6,2,2,1
3486,5,1,3,0,0,6,2,2,7
3487,2,1,1,3,3,1,2,1,6
3488,4,1,1,8,5,6,2,2,1
3489,1,1,2,2,6,1,2,2,3
3490,2,1,6,3,3,2,2,2,8
3491,3,1,1,2,6,4,2,2,1
3492,4,1,1,8,5,6,2,2,1
3493,5,1,1,6,3,6,2,2,6
3494,1,1,2,8,4,5,2,1,1
3495,2,1,1,8,4,2,1,2,1
3496,3,1,2,8,3,6,2,2,1
3497,4,1,1,6,3,1,2,1,1
3498,5,1,2,8,4,1,2,2,1
3499,1,1,3,8,4,6,2,2,8
3500,2,1,4,6,3,6,2,2,4
3501,3,1,2,7,3,5,2,2,5
3502,4,1,2,3,3,5,2,2,1
3503,5,1,1,3,2,1,2,2,1
3504,1,1,1,8,2,4,2,2,8
3505,3,1,2,6,1,1,2,2,1
3506,4,1,5,8,4,6,2,2,1
3507,5,1,2,6,2,1,2,1,1
3508,1,1,1,8,4,5,2,2,1
3509,2,1,4,8,3,3,2,2,1
3510,3,1,3,6,3,6,2,1,8
3511,4,1,1,8,4,1,2,2,1
3512,5,1,3,6,3,6,2,2,1
3513,1,1,1,3,3,5,2,2,3
3514,2,1,1,2,6,1,2,2,1
3515,3,1,9,2,4,1,2,2,1
3516,4,1,4,8,3,6,2,2,1
3517,5,1,2,3,3,1,2,1,8
3518,1,1,7,8,4,6,2,2,4
3519,3,1,5,8,4,6,2,2,8
3520,4,1,2,3,3,1,2,2,5
3521,5,1,4,8,4,6,2,2,1
3522,1,1,1,8,3,6,2,2,1
3523,2,1,3,6,3,6,2,2,5
3524,3,1,2,3,3,5,2,2,1
3525,4,1,1,4,3,2,2,2,8
3526,1,1,2,8,3,1,2,2,8
3527,2,1,1,2,4,5,2,1,8
3528,3,1,1,3,3,1,2,2,1
3529,4,1,1,3,3,1,2,2,1
3530,5,1,1,2,6,6,2,2,1
3531,1,1,3,6,3,6,2,2,4
3532,2,1,3,6,3,1,2,2,1
3533,3,1,1,3,3,3,1,2,1
3534,4,1,1,2,6,2,2,2,5
3535,5,1,1,3,3,5,2,2,1
3536,1,1,2,3,3,5,2,2,1
3537,2,1,1,7,3,6,2,2,1
3538,3,1,2,7,3,4,2,2,6
3539,5,1,5,6,3,1,2,2,1
3540,1,1,4,8,1,6,2,2,1
3541,2,1,2,6,3,5,2,2,8
3542,3,1,1,8,5,5,2,2,1
3543,4,1,1,2,3,4,2,1,1
3544,1,1,2,8,1,6,2,2,4
3545,2,1,3,6,3,6,2,2,8
3546,3,1,3,6,3,1,2,2,1
3547,4,1,1,3,3,1,2,2,1
3548,5,1,1,3,3,2,1,2,1
3549,1,1,1,0,0,5,2,1,8
3550,2,1,1,8,4,1,2,2,1
3551,3,1,1,3,3,2,2,2,1
3552,4,1,4,8,4,5,2,2,1
3553,5,1,3,3,3,6,2,2,3
3554,1,1,2,6,3,1,2,2,5
3555,3,1,2,0,0,4,2,2,1
3556,4,1,2,2,6,1,2,2,1
3557,5,1,1,6,3,5,2,2,1
3558,1,1,3,6,1,1,2,2,1
3559,2,1,1,8,5,5,2,2,1
3560,3,1,3,3,3,6,2,2,1
3561,4,1,1,2,6,5,2,2,1
3562,5,1,2,3,3,1,2,2,1
3563,1,1,2,6,3,1,2,2,5
3564,2,1,3,8,2,6,2,2,4
3565,3,1,3,8,3,6,2,2,1
3566,4,1,4,6,2,1,2,2,1
3567,5,1,3,7,3,6,2,2,1
3568,1,1,1,3,3,2,2,1,5
3569,2,1,2,6,2,1,2,1,1
3570,3,1,2,6,2,1,2,2,1
3571,4,1,1,8,4,6,2,2,1
3572,5,1,2,8,4,5,2,2,1
3573,1,1,1,8,4,6,2,2,1
3574,2,1,6,3,2,6,2,2,4
3575,3,1,3,2,6,5,2,1,6
3576,4,1,1,6,3,5,2,2,1
3577,5,1,2,6,2,6,2,2,1
3578,2,1,1,6,2,1,2,2,1
3579,3,1,3,8,4,6,2,2,3
3580,5,1,2,3,3,5,2,2,5
3581,1,1,3,8,3,6,2,2,1
3582,2,1,1,2,6,4,2,2,6
3583,3,1,1,3,3,6,2,2,1
3584,5,1,2,2,4,6,2,1,6
3585,1,1,3,3,3,2,2,2,1
3586,2,1,2,2,6,1,2,2,1
3587,4,1,2,3,3,5,2,1,8
3588,5,1,2,3,2,1,2,2,1
3589,1,1,2,8,5,6,2,2,1
3590,2,1,2,8,4,5,2,2,1
3591,3,1,3,6,3,5,2,2,1
3592,4,1,1,4,3,2,2,2,6
3593,5,1,4,8,4,6,2,2,4
3594,1,1,4,8,1,6,2,2,1
3595,2,1,3,3,3,3,2,2,1
3596,3,1,2,6,3,6,2,1,1
3597,4,1,2,3,3,1,2,1,8
3598,5,1,3,2,3,4,2,2,7
3599,3,1,1,6,3,1,2,2,1
3600,5,1,3,6,3,2,2,1,8
3601,1,1,2,2,6,5,2,2,8
3602,2,1,1,6,3,6,2,2,6
3603,3,1,1,6,3,4,2,2,1
3604,4,1,1,6,3,1,2,2,8
3605,5,1,1,6,2,1,2,2,1
3606,1,1,1,2,6,2,2,2,1
3607,2,1,6,6,2,5,2,1,5
3608,3,1,1,2,6,5,2,1,1
3609,4,1,1,6,3,2,2,1,1
3610,1,1,3,7,3,6,2,2,1
3611,2,1,1,8,5,5,2,1,6
3612,3,1,4,6,2,6,2,2,1
3613,4,1,1,2,6,5,2,2,1
3614,5,1,1,8,4,5,2,2,1
3615,1,1,2,3,3,5,2,2,5
3616,2,1,1,6,3,5,2,2,1
3617,3,1,3,8,1,6,2,2,4
3618,4,1,2,3,3,2,2,2,1
3619,5,1,3,3,2,2,2,2,1
3620,1,1,3,6,3,1,2,2,1
3621,2,1,4,8,5,5,2,2,1
3622,3,1,1,6,3,1,2,2,1
3622,3,2,2,3,3,1,2,2,1
3623,4,1,2,8,3,5,2,2,8
3624,5,1,2,3,3,5,2,2,1
3625,1,1,1,2,6,6,2,2,1
3626,4,1,4,8,4,6,2,2,8
3627,1,1,4,3,3,1,2,2,5
3628,2,1,2,3,3,1,2,2,1
3629,3,1,1,8,3,1,2,2,1
3630,4,1,9,0,0,5,2,1,5
3631,5,2,2,6,3,5,2,2,5
3631,5,1,4,6,3,6,2,2,1
3632,2,1,1,2,3,4,2,1,5
3633,3,1,2,3,1,6,2,1,7
3634,4,1,1,3,2,6,2,2,1
3635,5,1,3,6,2,2,2,2,5
3636,1,1,1,8,4,5,2,2,1
3637,2,1,1,3,3,6,1,2,1
3638,3,1,2,8,3,5,2,2,5
3639,4,1,1,6,3,1,2,2,1
3640,5,1,1,2,3,4,2,1,8
3641,1,1,2,6,3,5,2,2,1
3642,2,1,1,9,3,6,2,2,1
3643,3,1,1,6,3,5,2,2,1
3644,4,1,1,4,3,5,2,2,1
3645,5,1,2,3,3,5,2,1,5
3646,1,1,2,6,3,5,2,2,1
3647,2,1,2,8,5,5,2,1,1
3648,3,1,2,9,3,5,2,2,5
3649,4,1,1,8,3,5,2,1,6
3650,5,1,1,6,3,4,2,2,1
3651,1,1,1,6,3,6,2,2,1
3652,3,1,3,3,3,6,2,2,1
3653,4,1,1,2,6,5,2,2,6
3654,5,1,2,6,1,1,2,2,3
3655,1,1,3,0,0,4,2,1,8
3656,2,1,2,6,2,1,2,1,1
3657,3,1,5,2,6,5,2,2,7
3658,4,1,1,3,3,2,2,2,5
3659,5,1,2,3,3,2,2,2,1
3660,1,1,2,3,3,1,2,1,5
3661,2,1,3,6,3,2,2,2,4
3662,3,1,1,3,3,4,2,1,6
3663,4,1,1,8,4,3,2,2,1
3664,5,1,2,6,1,6,2,2,3
3665,1,1,1,6,3,6,2,2,1
3666,2,1,1,0,0,2,2,1,1
3667,3,1,2,3,3,1,2,1,5
3668,4,1,4,6,3,5,2,2,1
3669,5,1,1,6,1,5,2,2,1
3670,1,1,1,2,3,2,2,2,1
3671,2,1,2,8,1,6,2,2,4
3672,3,1,2,4,3,1,2,2,1
3673,4,1,2,6,3,1,2,2,1
3674,5,1,1,6,3,5,2,2,1
3675,1,1,2,9,2,5,2,2,1
3676,2,1,3,3,3,6,2,2,8
3677,3,1,1,6,3,6,2,2,8
3678,4,1,2,3,3,4,2,1,5
3679,5,1,1,8,2,1,2,2,1
3680,1,1,1,8,5,5,2,2,3
3681,2,1,2,3,3,1,2,2,1
3682,3,1,2,2,6,1,2,2,1
3683,4,1,1,8,4,3,2,2,1
3684,1,1,2,6,2,5,2,2,5
3685,2,1,2,2,6,1,2,2,5
3686,3,1,1,3,2,4,2,2,5
3687,4,1,2,8,5,6,2,2,1
3688,5,1,4,0,0,1,2,2,1
3689,1,1,1,9,2,5,2,2,1
3690,2,1,1,6,3,6,2,2,1
3691,4,1,1,6,3,5,2,2,1
3692,5,1,1,3,2,2,2,2,1
3693,1,1,2,3,3,5,2,2,1
3694,2,1,1,3,3,4,2,2,5
3695,3,2,1,7,3,1,2,2,1
3695,3,1,1,8,4,6,2,2,1
3696,4,1,2,7,3,6,2,1,8
3697,5,1,2,3,3,1,1,2,1
3698,1,1,1,3,2,1,2,2,1
3698,1,2,1,2,6,2,2,2,1
3699,2,1,1,3,3,5,2,2,1
3700,4,1,3,2,6,1,1,2,1
3701,5,1,1,8,5,5,2,2,1
3702,1,1,2,3,3,1,2,2,1
3703,2,1,1,3,3,2,2,2,5
3704,3,1,1,3,2,6,2,2,8
3705,4,1,3,8,4,6,2,2,4
3706,5,1,2,3,3,1,2,2,5
3707,1,1,1,7,3,2,2,2,1
3708,2,1,2,2,6,5,2,2,1
3709,3,1,1,3,3,2,2,2,1
3710,4,1,5,3,3,5,2,2,1
3711,5,1,1,6,2,6,2,2,1
3712,2,1,2,8,3,6,2,2,4
3713,3,1,2,8,5,1,2,2,1
3714,4,1,1,8,5,5,2,2,1
3715,5,1,1,8,5,3,2,2,1
3716,1,1,4,2,6,1,1,2,1
3717,2,1,2,6,3,5,2,2,1
3718,3,1,1,3,3,6,2,2,1
3719,4,1,2,2,6,1,2,1,8
3720,5,1,1,2,6,5,1,2,1
3721,1,1,1,8,4,6,2,2,1
3722,2,1,1,4,3,6,2,2,1
3723,3,1,3,0,0,6,2,1,8
3724,4,1,4,8,1,6,2,2,8
3725,5,1,2,2,1,5,2,1,6
3726,1,1,2,6,3,5,2,2,5
3727,2,1,1,8,5,5,2,2,6
3728,3,1,1,3,2,5,2,2,1
3729,4,1,2,3,3,1,2,2,5
3729,4,2,2,6,3,5,2,2,1
3730,5,1,1,6,1,1,2,2,1
3731,1,1,1,8,2,6,2,2,1
3732,2,1,1,3,3,1,2,2,1
3733,3,1,1,2,6,5,2,2,1
3734,4,1,2,3,3,1,1,2,1
3735,5,1,1,3,2,5,2,2,1
3736,1,1,1,6,3,2,2,2,1
3737,2,1,2,8,3,1,2,1,5
3737,2,2,2,3,3,4,2,2,5
3738,3,1,2,4,3,5,2,2,5
3739,5,1,2,3,2,5,2,1,5
3740,1,1,1,4,3,6,2,2,1
3741,2,1,2,8,5,1,2,2,1
3742,3,1,4,6,3,6,2,2,8
3743,5,1,1,8,4,2,2,2,1
3744,1,1,2,2,4,5,2,2,1
3745,2,1,1,2,1,4,2,1,6
3746,3,1,1,8,5,5,2,2,1
3747,4,1,2,6,3,5,2,2,1
3748,5,1,1,3,2,5,2,2,1
3749,3,1,1,3,3,5,2,2,1
3750,4,1,3,3,3,6,2,2,1
3751,5,1,1,8,4,3,2,2,1
3752,1,1,1,3,3,2,2,2,1
3753,2,1,2,4,3,4,2,1,6
3754,3,1,1,3,3,1,2,2,8
3755,4,1,2,3,3,6,2,2,1
3756,5,1,1,3,3,1,2,2,1
3757,1,1,1,2,6,2,2,2,7
3758,3,1,4,6,1,6,2,2,4
3759,4,1,1,8,5,6,2,2,1
3759,4,2,1,8,5,6,2,2,1
3760,5,1,1,6,3,6,2,2,1
3761,1,1,2,9,1,5,2,2,1
3762,2,1,5,8,5,5,2,2,5
3763,3,1,1,6,3,6,2,2,1
3764,4,1,1,6,2,5,2,2,1
3765,5,1,1,3,3,5,2,2,5
3766,1,1,1,2,6,2,1,1,1
3767,2,1,2,6,3,1,2,2,1
3768,3,1,2,0,0,4,2,1,5
3769,4,1,1,8,4,6,2,2,1
3770,5,1,2,8,1,6,2,2,1
3771,1,1,1,8,5,6,2,2,1
3772,2,1,4,8,1,6,2,2,4
3773,4,1,1,6,3,6,2,2,1
3774,5,1,1,3,3,5,2,2,6
3775,2,1,3,0,0,2,2,1,5
3776,5,1,2,6,3,5,2,1,1
3777,2,1,1,8,2,5,2,2,5
3778,4,1,1,2,6,5,2,2,1
3779,5,1,1,8,4,6,2,2,1
3780,1,1,1,8,4,6,2,2,1
3781,3,1,3,4,3,6,2,2,1
3782,4,1,4,6,3,6,2,2,3
3783,5,1,1,0,0,5,2,2,1
3784,1,1,2,8,4,5,2,2,1
3785,2,1,1,8,4,3,2,2,6
3786,3,1,1,8,4,4,2,2,1
3787,5,1,1,2,6,4,2,2,5
3788,2,1,2,9,2,1,2,2,1
3789,3,1,4,6,3,6,2,2,4
3790,4,1,2,2,1,2,1,2,5
3791,1,1,2,8,4,6,2,2,1
3792,2,1,2,8,5,6,2,2,1
3793,3,1,3,6,3,6,2,2,1
3794,4,1,2,8,4,5,2,2,5
3795,5,1,2,8,4,5,2,2,5
3796,1,1,1,2,6,3,2,2,1
3797,2,1,1,6,3,5,2,2,6
3798,3,1,1,6,3,4,2,2,1
3799,4,1,1,8,5,3,2,2,1
3800,1,1,4,3,3,1,2,2,1
3801,2,1,2,3,3,1,2,2,5
3802,3,1,2,8,4,5,2,2,1
3803,4,1,1,3,1,5,2,2,1
3804,5,1,1,0,0,4,2,1,8
3805,2,1,2,8,4,5,2,2,1
3806,3,1,2,6,3,5,2,2,5
3807,4,1,3,6,3,1,2,2,1
3808,5,1,2,8,5,1,2,2,1
3809,1,1,1,8,5,1,2,2,1
3810,2,1,1,4,2,4,2,1,6
3811,3,1,1,8,4,5,2,2,1
3812,4,1,1,2,3,5,2,2,3
3813,5,1,1,6,2,5,2,1,8
3814,1,1,3,8,2,5,2,2,1
3815,3,1,1,2,6,1,1,1,1
3816,4,1,4,2,6,4,2,1,7
3817,5,1,2,6,3,6,2,1,6
3818,1,1,1,2,6,4,2,1,5
3819,2,1,1,3,3,1,2,2,1
3820,3,1,2,0,0,5,2,2,5
3821,4,1,1,2,6,1,2,2,1
3822,5,1,3,8,4,3,2,2,1
3823,1,1,1,8,1,5,2,2,1
3824,2,1,5,3,2,2,2,2,1
3825,3,1,4,3,3,6,2,2,5
3826,4,1,2,4,3,5,2,2,6
3827,1,1,1,6,3,1,2,2,1
3828,2,1,2,6,3,1,2,2,5
3829,3,1,3,6,3,1,2,2,5
3830,4,1,2,3,3,5,2,1,1
3831,5,1,1,3,3,1,1,2,1
3832,1,1,2,6,3,1,2,2,1
3833,2,1,1,9,2,5,2,2,1
3834,3,1,1,8,4,6,2,2,1
3835,4,1,2,6,3,5,2,2,1
3836,5,1,1,8,5,1,2,2,1
3837,1,1,3,6,3,6,2,2,5
3838,2,1,2,3,3,6,2,2,1
3839,3,1,2,2,6,1,2,1,5
3840,4,1,1,3,1,4,2,2,5
3841,5,1,1,4,2,5,2,2,1
3842,1,1,1,9,2,6,2,2,1
3843,2,1,2,8,4,5,2,2,5
3844,5,1,1,6,3,5,2,1,5
3845,1,1,1,9,2,6,2,2,1
3846,2,1,2,4,3,6,2,2,5
3847,3,1,2,6,3,5,2,2,1
3848,4,1,2,8,4,1,2,2,1
3849,5,1,2,3,2,2,2,2,5
3850,1,1,1,4,3,6,2,1,6
3851,3,1,2,8,5,5,2,2,1
3852,4,1,1,8,4,5,2,2,1
3853,5,1,2,8,4,6,2,2,1
3854,1,1,1,8,4,6,2,2,5
3855,2,1,2,8,4,1,2,2,1
3856,4,1,2,9,2,1,2,2,1
3857,5,1,3,8,4,6,2,2,1
3858,1,1,2,8,5,2,2,2,1
3859,2,1,1,4,3,2,2,2,6
3860,3,1,1,8,4,5,2,2,1
3861,4,1,1,8,4,5,2,2,1
3862,5,1,2,8,4,5,2,2,5
3863,1,1,1,7,3,6,2,2,1
3864,2,1,1,8,4,6,2,2,1
3865,3,1,1,8,5,1,2,2,1
3866,4,1,1,8,4,6,2,2,1
3867,1,1,1,8,4,6,2,2,1
3868,2,1,1,8,4,6,2,2,1
3869,5,1,1,8,4,2,2,2,1
3870,1,1,1,7,3,3,2,1,6
3871,2,1,1,8,4,1,2,2,1
3872,3,1,1,8,5,4,2,2,1
3873,4,1,5,4,3,6,2,2,1
3874,5,1,3,7,1,6,2,2,8
3875,1,1,4,8,2,6,2,2,4
3876,2,1,1,8,5,5,2,2,1
3877,3,1,1,8,4,6,2,2,1
3878,4,1,2,4,3,5,2,2,5
3879,5,1,3,8,4,3,2,2,1
3880,1,1,2,8,4,5,2,2,1
3881,2,1,1,9,3,6,2,2,1
3882,3,1,2,9,2,6,2,2,1
3883,5,1,1,8,5,6,2,2,1
3884,1,1,4,6,3,6,2,2,4
3885,2,1,2,2,1,1,2,1,8
3886,3,1,1,3,3,1,2,2,1
3887,4,1,1,9,2,5,2,2,1
3888,5,1,1,9,2,1,2,2,1
3889,1,1,2,8,4,3,2,2,3
3890,3,1,2,9,2,5,2,2,5
3891,4,1,3,8,1,6,2,2,4
3892,5,1,3,9,2,6,2,2,1
3893,2,1,1,9,2,5,2,2,1
3894,3,1,1,8,5,5,2,2,1
3895,4,1,1,8,4,3,2,2,8
3896,5,1,2,8,4,5,2,2,1
3897,1,1,2,8,3,6,2,2,1
3898,3,1,1,8,5,5,2,2,1
3899,4,1,1,8,4,6,2,2,6
3900,5,1,3,8,4,6,2,2,1
3901,1,1,2,6,3,1,2,2,1
3902,2,1,1,8,4,1,2,2,1
3903,3,1,1,3,3,1,2,2,1
3904,4,1,4,8,4,6,2,2,1
3905,5,1,1,3,3,2,2,2,1
3906,1,1,4,8,4,6,2,2,1
3907,2,1,1,6,3,2,2,2,1
3908,3,1,1,8,4,2,2,2,1
3909,4,1,2,2,6,5,2,1,5
3910,5,1,1,4,3,6,2,1,8
3911,1,1,1,3,3,2,2,2,1
3912,2,1,1,8,4,1,2,2,1
3913,3,1,1,3,3,1,2,2,1
3914,4,1,1,3,3,5,2,2,6
3915,5,1,2,3,3,5,2,2,1
3916,1,1,3,9,2,6,2,2,1
3917,2,1,2,8,4,5,2,1,7
3918,3,1,3,6,2,6,2,2,4
3919,4,1,1,6,3,4,2,2,6
3920,5,1,3,6,1,6,2,2,4
3921,2,1,3,8,5,6,2,2,1
3922,3,1,3,8,5,6,2,2,1
3923,5,1,1,6,2,3,2,2,1
3924,1,1,1,0,0,6,2,2,8
3925,3,1,1,8,5,6,2,2,1
3926,1,1,2,4,3,4,2,1,5
3927,2,1,1,6,3,1,2,2,1
3928,4,1,2,8,4,6,2,2,1
3929,5,1,1,9,2,6,2,2,1
3930,2,1,3,9,2,6,2,2,4
3931,3,1,1,8,3,2,2,2,6
3932,4,1,2,9,2,1,2,2,1
3933,5,1,1,8,5,6,2,2,1
3934,1,1,2,8,5,2,2,2,1
3935,4,1,2,7,3,5,2,2,5
3936,5,1,2,8,5,5,2,2,6
3937,1,1,1,8,5,4,2,2,1
3938,2,1,1,3,3,1,2,2,1
3939,4,1,1,8,5,6,2,2,1
3940,5,1,2,8,4,6,2,2,1
3941,1,1,1,2,6,2,2,2,1
3942,2,1,1,3,3,5,2,2,1
3943,3,1,2,8,4,6,2,2,1
3944,4,1,1,8,4,6,2,2,1
3945,5,1,1,4,3,4,2,1,6
3946,1,1,1,2,4,6,2,2,1
3947,2,1,1,3,3,5,2,2,1
3948,3,1,1,7,3,4,2,2,1
3949,4,1,4,4,3,4,2,1,8
3950,5,1,2,8,5,6,2,2,3
3951,3,1,1,8,4,6,2,2,1
3952,4,1,3,6,3,6,2,2,1
3953,5,1,1,7,3,6,2,2,1
3954,1,1,1,8,5,5,2,2,1
3955,2,1,1,7,3,4,2,1,6
3956,3,1,1,6,3,6,2,2,1
3957,4,1,2,8,4,5,2,2,1
3958,5,1,1,9,2,6,2,2,1
3959,1,1,1,8,5,6,2,2,1
3960,2,1,1,9,2,5,2,2,1
3961,4,1,3,9,2,6,2,2,1
3962,5,1,2,9,2,6,2,2,1
3963,1,1,1,8,4,6,2,2,8
3964,2,1,1,6,3,4,2,2,1
3965,3,1,1,8,5,5,2,2,1
3966,4,1,1,8,4,6,2,2,1
3967,5,1,2,8,5,6,2,2,1
3968,2,1,2,6,3,1,2,1,8
3969,3,1,2,3,3,5,2,2,5
3970,4,1,1,6,2,5,2,2,1
3971,5,1,1,2,6,6,2,1,6
3972,1,1,1,8,5,6,2,2,1
3973,3,1,1,3,2,1,2,2,1
3974,4,1,2,3,2,5,2,2,1
3975,5,1,1,2,6,4,2,2,1
3976,1,1,1,6,3,6,2,2,1
3977,2,1,3,8,4,6,2,2,1
3978,3,1,1,3,2,4,2,2,6
3979,5,1,4,8,3,6,2,2,1
3980,1,1,1,8,4,2,2,2,1
3981,2,1,1,8,4,6,2,2,1
3982,4,1,1,8,5,5,2,2,1
3983,5,1,1,3,3,5,2,2,6
3984,1,1,5,8,5,6,2,2,1
3985,2,1,1,2,3,6,2,2,1
3986,3,1,2,6,3,1,2,2,1
3987,4,1,6,3,3,1,2,2,1
3988,5,1,1,3,3,3,2,2,1
3989,1,1,1,6,2,6,2,1,1
3990,2,1,1,6,2,1,2,2,1
3991,3,1,1,7,3,6,2,2,1
3992,4,1,1,3,3,6,2,2,5
3993,5,1,3,2,6,1,2,2,5
3994,1,1,1,8,5,5,2,2,1
3995,2,1,4,6,3,6,2,2,1
3996,3,1,1,8,5,5,2,2,1
3997,4,1,1,6,3,2,2,2,1
3998,5,1,1,6,3,1,2,1,1
3999,1,1,1,8,3,6,2,2,1
4000,2,1,2,6,3,2,2,2,2
4001,3,1,1,7,3,6,2,2,2
4002,4,1,2,3,3,1,2,1,1
4003,5,1,2,2,6,2,2,2,1
4004,1,1,1,6,3,6,2,2,1
4005,2,1,1,8,5,2,2,2,1
4006,3,1,1,3,3,6,2,2,7
4007,4,1,1,3,2,1,2,2,1
4008,5,1,1,8,5,1,2,2,1
4009,2,1,5,3,3,6,2,2,1
4010,3,1,2,8,4,6,2,2,4
4011,4,1,1,8,5,5,2,2,1
4012,2,1,2,2,6,5,2,1,5
4013,3,1,1,6,3,1,1,2,1
4014,4,1,5,6,3,6,2,1,4
4015,5,1,1,2,3,2,2,1,1
4016,1,1,2,2,6,1,2,2,1
4017,2,1,1,3,3,1,2,2,1
4018,3,1,1,3,3,6,2,2,1
4019,4,1,2,6,3,6,2,2,8
4020,5,1,6,0,0,2,2,1,6
4021,1,1,1,6,3,1,2,2,1
4022,2,1,1,8,5,4,2,2,8
4023,3,1,1,9,1,6,2,2,2
4024,4,1,2,8,5,1,2,2,5
4025,1,1,1,3,3,2,2,2,5
4026,2,1,1,6,3,4,2,2,6
4027,3,1,2,6,3,5,2,2,5
4028,4,1,5,6,3,6,2,2,4
4029,5,1,1,8,5,6,2,2,6
4030,1,1,2,2,6,5,2,2,5
4031,2,1,1,6,2,5,2,2,6
4032,3,1,1,8,5,1,2,2,1
4033,4,1,2,6,3,6,2,2,1
4034,5,1,1,8,5,5,2,2,6
4035,1,1,1,6,3,1,2,2,2
4036,2,1,1,7,3,6,2,2,1
4037,3,1,2,3,3,5,2,2,5
4038,4,1,1,8,5,5,2,2,1
4039,1,1,1,0,0,4,2,1,8
4040,2,1,1,3,3,6,2,1,1
4041,3,1,1,2,5,5,2,1,1
4042,4,1,1,6,3,5,2,2,1
4043,5,1,1,6,3,5,2,2,1
4044,1,1,1,8,3,6,2,2,4
4045,2,1,1,8,5,6,2,2,1
4046,3,1,2,2,6,4,2,1,8
4047,4,1,1,6,3,5,2,2,5
4048,5,1,1,3,3,1,2,2,1
4049,1,1,2,3,3,1,2,2,5
4050,3,1,2,8,5,5,2,2,1
4051,4,1,2,6,3,6,2,2,1
4052,5,1,2,6,3,5,2,2,1
4053,2,1,1,8,5,5,2,2,1
4054,3,1,2,3,3,5,2,1,6
4055,4,1,2,8,5,6,2,2,1
4056,5,1,2,6,3,6,2,2,1
4057,1,1,2,3,3,1,2,2,1
4058,2,1,4,3,3,6,2,2,1
4059,4,1,1,3,3,3,2,2,1
4060,5,1,1,8,4,5,2,2,1
4061,1,1,1,3,1,2,1,2,1
4062,2,1,3,8,4,6,2,2,1
4063,4,1,3,6,3,6,2,2,1
4064,5,1,1,3,3,1,2,2,1
4065,1,1,1,8,3,5,2,1,1
4066,2,1,2,4,3,5,2,2,1
4067,3,1,2,6,1,6,2,2,1
4068,5,1,1,2,6,4,1,2,1
4069,1,1,1,3,3,1,2,2,1
4070,2,1,1,3,3,5,2,2,1
4071,3,1,2,3,3,5,2,2,5
4072,4,1,2,3,3,5,2,1,6
4073,5,1,1,6,3,4,2,2,1
4074,1,1,2,6,3,5,2,2,1
4075,2,1,3,8,5,6,2,2,4
4076,3,1,3,6,2,6,2,1,1
4077,4,1,1,4,2,1,2,2,1
4078,5,1,3,6,3,6,2,2,1
4079,1,1,1,4,3,4,2,2,1
4080,2,1,1,4,3,4,2,1,5
4081,3,1,2,6,3,5,2,2,1
4082,4,1,1,8,4,6,2,2,1
4083,1,1,2,3,2,1,2,2,1
4084,2,1,2,2,6,1,2,2,1
4085,3,1,2,4,2,5,2,2,1
4086,4,1,2,6,3,1,2,2,5
4087,5,1,1,9,3,6,2,1,1
4088,1,1,1,8,1,2,2,2,5
4089,2,1,1,8,4,3,2,1,6
4090,4,1,1,8,5,6,2,2,1
4091,5,1,2,8,4,1,2,2,1
4092,1,1,1,6,3,1,2,2,1
4093,2,1,1,8,5,1,2,2,1
4094,3,1,1,2,6,4,2,2,5
4095,4,1,1,7,3,6,2,2,1
4096,1,1,1,9,2,5,2,2,1
4097,2,1,1,9,3,6,2,2,1
4098,5,1,1,9,2,6,2,2,1
4099,1,1,1,8,3,5,2,1,1
4100,2,1,1,3,3,1,2,1,1
4101,3,1,2,8,5,6,2,2,1
4102,2,1,1,2,6,6,2,2,3
4103,3,1,4,2,6,6,2,2,1
4104,4,1,1,3,3,5,2,2,1
4105,5,1,2,2,3,1,2,1,5
4106,6,1,2,2,6,5,2,2,1
4107,7,1,3,8,5,6,2,2,1
4108,8,1,1,6,3,5,2,2,1
4109,9,1,1,2,3,2,2,2,1
4110,10,1,1,4,3,1,2,2,1
4111,1,1,1,3,2,6,2,2,8
4112,2,1,1,3,3,2,2,2,1
4113,3,1,1,2,6,5,2,2,8
4114,4,1,2,3,3,1,2,1,5
4115,5,1,4,6,3,1,2,2,1
4116,6,1,3,8,2,6,2,2,4
4117,7,1,2,3,3,5,2,1,5
4118,8,1,3,6,3,6,2,1,4
4119,9,1,1,3,3,5,2,2,1
4120,10,1,2,8,4,5,2,2,1
